# Allow Rewrites:
Options +FollowSymLinks  
RewriteEngine On  
RewriteCond %{SCRIPT_FILENAME} !-d  
RewriteCond %{SCRIPT_FILENAME} !-f

# any redirects that were created while this site has been live:
# They are above the general logic because they must happen before the parser hits the general logic.
rewriterule ^projects/modbod3d(.*)$ https://codame.com/projects/modbod$1 [r=301,nc]
rewriterule ^artex(.*)$ https://codame.com/events/artificial-experiences$1 [r=301,nc]

# Categories: 
RewriteRule ^artists\/?$ ./category.php?table=artists
RewriteRule ^events\/?$ ./category.php?table=events
RewriteRule ^projects\/?$ ./category.php?table=projects
RewriteRule ^sponsors\/?$ ./category.php?table=sponsors
RewriteRule ^partners\/?$ ./category.php?table=partners
RewriteRule ^workshops\/?$ ./category.php?table=events&event_type=workshop

# Singles:
RewriteRule ^artists\/([^\/]*)\/?$ ./single.php?table=artists&slug=$1
RewriteRule ^events\/([^\/]*)\/?$ ./single.php?table=events&slug=$1
RewriteRule ^projects\/([^\/]*)\/?$ ./single.php?table=projects&slug=$1
RewriteRule ^pages\/([^\/]*)\/?$ ./single.php?table=pages&slug=$1


# Massive Legacy Redirect List:
# The following rules are to preserve links to our old site.
rewriterule ^post/portfolio/josh-carpenter/(.*)$ https://codame.com/artists/josh-carpenter$1 [r=301,nc]
rewriterule ^post/portfolio/theuriah/(.*)$ https://codame.com/artists/theuriah$1 [r=301,nc]
rewriterule ^post/portfolio/jasper-paterson/(.*)$ https://codame.com/artists/jasper-patterson$1 [r=301,nc]
rewriterule ^post/portfolio/elia-vargas/(.*)$ https://codame.com/artists/elia-vargas$1 [r=301,nc]
rewriterule ^post/portfolio/teeps/(.*)$ https://codame.com/artists/teeps$1 [r=301,nc]
rewriterule ^post/portfolio/jpeg-artifacts-vaporbabes/(.*)$ https://codame.com/artists/jpeg-artifacts$1 [r=301,nc]
rewriterule ^post/portfolio/tracer-aka-chris-osborn/(.*)$ https://codame.com/artists/tr-923-cer$1 [r=301,nc]
rewriterule ^post/portfolio/doctor-popular/(.*)$ https://codame.com/artists/doctor-popular$1 [r=301,nc]
rewriterule ^post/portfolio/william-s-braintree-codame-featured-musician/(.*)$ https://codame.com/artists/william-s-braintree$1 [r=301,nc]
rewriterule ^post/portfolio/al-linke/(.*)$ https://codame.com/artists/al-linke$1 [r=301,nc]
rewriterule ^post/portfolio/ardent-mobile-cloud-platform/(.*)$ https://codame.com/artists/ian-baker$1 [r=301,nc]
rewriterule ^post/portfolio/magic-flowers/(.*)$ https://codame.com/artists/sustainable-magic$1 [r=301,nc]
rewriterule ^post/portfolio/matt-langlois/(.*)$ https://codame.com/artists/matt-langlois$1 [r=301,nc]
rewriterule ^post/portfolio/nicole-zvarik/(.*)$ https://codame.com/artists/nicole-zvarik$1 [r=301,nc]
rewriterule ^post/portfolio/weidong-yang/(.*)$ https://codame.com/artists/weidong-yang$1 [r=301,nc]
rewriterule ^post/portfolio/chris-birke/(.*)$ https://codame.com/artists/chris-birke$1 [r=301,nc]
rewriterule ^post/portfolio/florian-hoenig/(.*)$ https://codame.com/artists/florian-hoenig$1 [r=301,nc]
rewriterule ^post/portfolio/ian-winters/(.*)$ https://codame.com/artists/ian-winters$1 [r=301,nc]
rewriterule ^post/portfolio/kinetech/(.*)$ https://codame.com/artists/kinetech-arts$1 [r=301,nc]
rewriterule ^post/portfolio/danielle-siembida/(.*)$ https://codame.com/artists/danielle-siembieda$1 [r=301,nc]
rewriterule ^post/portfolio/lenny-kiser/(.*)$ https://codame.com/artists/lenny-kiser$1 [r=301,nc]
rewriterule ^post/portfolio/codame-featured-artist-thisissami/(.*)$ https://codame.com/artists/thisissami$1 [r=301,nc]
rewriterule ^post/portfolio/codame-featured-artist-mike-hales/(.*)$ https://codame.com/artists/mike-hales$1 [r=301,nc]
rewriterule ^post/portfolio/c-rex/(.*)$ https://codame.com/artists/c-rex$1 [r=301,nc]
rewriterule ^post/portfolio/ideomux/(.*)$ https://codame.com/artists/ideomux$1 [r=301,nc]
rewriterule ^post/portfolio/vinit/(.*)$ https://codame.com/artists/vinit-patil$1 [r=301,nc]
rewriterule ^post/portfolio/antonio-cortez/(.*)$ https://codame.com/artists/antonio-cortez$1 [r=301,nc]
rewriterule ^post/portfolio/scott-kildall/(.*)$ https://codame.com/artists/scott-kildall$1 [r=301,nc]
rewriterule ^post/portfolio/paolo-salvagione/(.*)$ https://codame.com/artists/paolo-salvagione$1 [r=301,nc]
rewriterule ^post/portfolio/david-glowacki/(.*)$ https://codame.com/artists/david-glowacki$1 [r=301,nc]
rewriterule ^post/portfolio/dr-woohoo/(.*)$ https://codame.com/artists/dr-woohoo$1 [r=301,nc]
rewriterule ^post/portfolio/carl-pisaturo/(.*)$ https://codame.com/artists/carl-pisaturo$1 [r=301,nc]
rewriterule ^post/portfolio/micah/(.*)$ https://codame.com/artists/micah-scott$1 [r=301,nc]
rewriterule ^post/portfolio/codame-featured-artist-justin-kinder/(.*)$ https://codame.com/artists/justin-kinder$1 [r=301,nc]
rewriterule ^post/portfolio/codame-featured-artist-dc-spensley-dc-is-a/(.*)$ https://codame.com/artists/dc-spensley$1 [r=301,nc]
rewriterule ^post/portfolio/jonathan/(.*)$ https://codame.com/artists/jonathan-wallraven$1 [r=301,nc]
rewriterule ^post/portfolio/codame-featured-artist-beeple-beeple-is-mike/(.*)$ https://codame.com/artists/beeple$1 [r=301,nc]
rewriterule ^post/portfolio/codame-featured-artists-bill-hsu-ollie/(.*)$ https://codame.com/artists/bill-hsu-ollie-bown-raven$1 [r=301,nc]
rewriterule ^post/portfolio/codame-featured-artist-max-capacity-max-capacity/(.*)$ https://codame.com/artists/max-capacity$1 [r=301,nc]
rewriterule ^post/portfolio/codame-featured-artist-andrea-starr-andrea-starr/(.*)$ https://codame.com/artists/andrea-starr$1 [r=301,nc]
rewriterule ^post/portfolio/codame-featured-artist-eric-dyer-eric-dyer-is-a/(.*)$ https://codame.com/artists/eric-dyer$1 [r=301,nc]
rewriterule ^post/portfolio/codame-featured-artists-ccrma-the-stanford/(.*)$ https://codame.com/artists/ccrma$1 [r=301,nc]
rewriterule ^post/portfolio/codame-featured-artist-alexandernaut/(.*)$ https://codame.com/artists/alexandernaut$1 [r=301,nc]
rewriterule ^post/portfolio/codame-featured-artist-dolores-joya-dolores-is-a/(.*)$ https://codame.com/artists/dolores-joya$1 [r=301,nc]
rewriterule ^post/portfolio/andrew-benson/(.*)$ https://codame.com/artists/andrew-benson$1 [r=301,nc]
rewriterule ^post/portfolio/codame-featured-artist-dust-red-skies-gritty-and/(.*)$ https://codame.com/artists/dust-red-skies$1 [r=301,nc]
rewriterule ^post/portfolio/codame-featured-artist-nonagon-as-a-producer/(.*)$ https://codame.com/artists/nonagon$1 [r=301,nc]
rewriterule ^post/portfolio/codame-feature-artist-gabriel-dunne-gabriels/(.*)$ https://codame.com/artists/gabriel-dunne$1 [r=301,nc]
rewriterule ^post/portfolio/codame-featured-artist-unicorn-after-so-many-2/(.*)$ https://codame.com/artists/unicorn$1 [r=301,nc]
rewriterule ^post/portfolio/codame-featured-artist-nop-jiarathanakul-a/(.*)$ https://codame.com/artists/nop-jiarathanakul$1 [r=301,nc]
rewriterule ^post/portfolio/introducing-laser-artists-featured-at-the-codame/(.*)$ https://codame.com/artists/laser$1 [r=301,nc]
rewriterule ^post/portfolio/codame-featured-artist-cdcm-cdcm-is-an-ambient/(.*)$ https://codame.com/artists/cdcm$1 [r=301,nc]
rewriterule ^post/portfolio/codame-featured-artist-renetta-sitoy-maria/(.*)$ https://codame.com/artists/renetta-sitoy$1 [r=301,nc]
rewriterule ^post/portfolio/codame-featured-artist-tim-thompson-tim-thompson/(.*)$ https://codame.com/artists/tim-thompson$1 [r=301,nc]
rewriterule ^post/portfolio/codame-featured-artist-leo-madrid-leo-works-in/(.*)$ https://codame.com/artists/leo-madrid$1 [r=301,nc]
rewriterule ^post/portfolio/codame-featured-aritst-jeff-cheung-jeff-is-a/(.*)$ https://codame.com/artists/jeff-cheung$1 [r=301,nc]
rewriterule ^post/portfolio/codame-featured-aritst-patrick-dintino-patric/(.*)$ https://codame.com/artists/patrick-dintino$1 [r=301,nc]
rewriterule ^post/portfolio/codame-featured-artist-paul-clipson-paul-is-a/(.*)$ https://codame.com/artists/paul-clipson$1 [r=301,nc]
rewriterule ^post/portfolio/codame-featured-artist-charlie-levin-charlie-is/(.*)$ https://codame.com/artists/charlie-levin$1 [r=301,nc]
rewriterule ^post/portfolio/codame-featured-artist-robert-edgar-robert-is-a/(.*)$ https://codame.com/artists/robert-edgar$1 [r=301,nc]
rewriterule ^post/portfolio/codame-featured-artist-colin-roache-colin-is-an/(.*)$ https://codame.com/artists/colin-roache$1 [r=301,nc]
rewriterule ^post/portfolio/codame-featured-artist-ken-murphy-musician/(.*)$ https://codame.com/artists/ken-murphy$1 [r=301,nc]
rewriterule ^post/portfolio/codame-featured-artist-eric-fickes-eric-codes/(.*)$ https://codame.com/artists/eric-fickes$1 [r=301,nc]
rewriterule ^post/portfolio/cabbibo/(.*)$ https://codame.com/artists/cabbibo$1 [r=301,nc]
rewriterule ^post/portfolio/codame-featured-artist-rafael-rozendaal-world/(.*)$ https://codame.com/artists/rafael-rozendaal$1 [r=301,nc]
rewriterule ^post/portfolio/zen-albatross-codame-featured-musician-since/(.*)$ https://codame.com/artists/zen-albatross$1 [r=301,nc]
rewriterule ^post/portfolio/timeheater-codame-featured-musician-if-you/(.*)$ https://codame.com/artists/timeheater$1 [r=301,nc]
rewriterule ^post/portfolio/rhinostrich-codame-featured-musician-shits/(.*)$ https://codame.com/artists/rhinostrich$1 [r=301,nc]
rewriterule ^post/portfolio/jefferson-shulgin-codame-featured-musician/(.*)$ https://codame.com/artists/jefferson-shulgin$1 [r=301,nc]
rewriterule ^post/portfolio/albert-elmore-codame-featured-musician-a-butt/(.*)$ https://codame.com/artists/albert-elmore$1 [r=301,nc]
rewriterule ^post/portfolio/benito-codame-featured-musician-you-may/(.*)$ https://codame.com/artists/benito$1 [r=301,nc]
rewriterule ^post/portfolio/zebbler-studios-codame-featured/(.*)$ https://codame.com/artists/zebbler-studios$1 [r=301,nc]
rewriterule ^post/portfolio/tyler-freeman-codame-featured-artist/(.*)$ https://codame.com/artists/tyler-freeman$1 [r=301,nc]
rewriterule ^post/portfolio/timefly-codame-featured-artist-s-gravity/(.*)$ https://codame.com/artists/timefly$1 [r=301,nc]
rewriterule ^post/portfolio/1068/(.*)$ https://codame.com/artists/-625-616-409-589-8635-575-8634-421-615-427-20814-$1 [r=301,nc]
rewriterule ^post/portfolio/dan-moore-codame-featured-artist-dan-writes/(.*)$ https://codame.com/artists/dan-moore$1 [r=301,nc]
rewriterule ^post/portfolio/1071/(.*)$ https://codame.com/artists/cory-barr$1 [r=301,nc]
rewriterule ^post/portfolio/wesley-grubbs-codame-featured-artist-codame-is/(.*)$ https://codame.com/artists/wes-grubbs$1 [r=301,nc]
rewriterule ^post/portfolio/nolan-love-codame-featured-artist-nolan-love-is/(.*)$ https://codame.com/artists/nolan-love$1 [r=301,nc]
rewriterule ^post/portfolio/jon-kuzmich/(.*)$ https://codame.com/artists/jon-kuzmich$1 [r=301,nc]
rewriterule ^post/portfolio/yumika-tanaka-codame-featured-artist-yumika/(.*)$ https://codame.com/artists/yumi-tanaka$1 [r=301,nc]
rewriterule ^post/portfolio/codame-featured-video-artists-cstng-shdws/(.*)$ https://codame.com/artists/cstng-shdws$1 [r=301,nc]
rewriterule ^post/portfolio/humanimal-codame-featured-musician-a-favorite/(.*)$ https://codame.com/artists/humanimal$1 [r=301,nc]
rewriterule ^post/portfolio/tiffany-trenda/(.*)$ https://codame.com/artists/tiffany-trenda$1 [r=301,nc]
rewriterule ^post/portfolio/linda-franco/(.*)$ https://codame.com/artists/linda-franco$1 [r=301,nc]
rewriterule ^post/portfolio/natacha-merrit-codame-featured-artist-an/(.*)$ https://codame.com/artists/natacha-merrit$1 [r=301,nc]
rewriterule ^post/portfolio/stefano-corazza-codame-featured-artist-stefano/(.*)$ https://codame.com/artists/stefano-corazza$1 [r=301,nc]
rewriterule ^post/portfolio/michael-amundsen-codame-featured-artist/(.*)$ https://codame.com/artists/michael-amundsen$1 [r=301,nc]
rewriterule ^post/portfolio/kristen-turner-codame-featured-speaker-kristen/(.*)$ https://codame.com/artists/kristen-turner$1 [r=301,nc]
rewriterule ^post/portfolio/jamesmorgan/(.*)$ https://codame.com/artists/james-morgan$1 [r=301,nc]
rewriterule ^post/portfolio/keisuke/(.*)$ https://codame.com/artists/keisuke-shingu-aka-vj-kska$1 [r=301,nc]
rewriterule ^post/portfolio/bad-unkl-sista-codame-featured-artist-happy-to/(.*)$ https://codame.com/artists/bad-unkl-sista$1 [r=301,nc]
rewriterule ^post/portfolio/subset-codame-featured-artist-we-just-added/(.*)$ https://codame.com/artists/subset$1 [r=301,nc]
rewriterule ^post/portfolio/rollin-leonard-codame-featured-artist-get-ready/(.*)$ https://codame.com/artists/rollin-leonard$1 [r=301,nc]
rewriterule ^post/portfolio/elisa-sassi-perry-chan-codame-featured/(.*)$ https://codame.com/artists/elisa-sassi-perry-chan$1 [r=301,nc]
rewriterule ^post/portfolio/mushen-codame-featured-musician-mushen-is/(.*)$ https://codame.com/artists/mushen$1 [r=301,nc]
rewriterule ^post/portfolio/ryan-alexander-codame-featured-artist-ryan/(.*)$ https://codame.com/artists/ryan-alexander$1 [r=301,nc]
rewriterule ^post/portfolio/codame-featured-musician-extent-of-the-jam/(.*)$ https://codame.com/artists/extent-of-the-jam$1 [r=301,nc]
rewriterule ^post/portfolio/exit-only-codame-featured-musician-exit-only/(.*)$ https://codame.com/artists/exit-only$1 [r=301,nc]
rewriterule ^post/portfolio/e-n-cowell-codame-featured-musician-pulling-off/(.*)$ https://codame.com/artists/enc$1 [r=301,nc]
rewriterule ^post/portfolio/xavi/(.*)$ https://codame.com/artists/xavi-vives-riba$1 [r=301,nc]
rewriterule ^post/portfolio/superdeux-codame-featured-artist-superdeux-is/(.*)$ https://codame.com/artists/superdeux$1 [r=301,nc]
rewriterule ^post/portfolio/sekitani-codame-featured-artist-sekitani-takes/(.*)$ https://codame.com/artists/sekitani$1 [r=301,nc]
rewriterule ^post/portfolio/ian-smith-heisters-codame-featured-artist-ian/(.*)$ https://codame.com/artists/ian-smith-heisters$1 [r=301,nc]
rewriterule ^post/portfolio/tadashi-codame-featured-musician-tadashi-keith/(.*)$ https://codame.com/artists/tadashi$1 [r=301,nc]
rewriterule ^post/portfolio/fkir-dream-shovel-codame-featured-musician/(.*)$ https://codame.com/artists/f-kir-dream-shovel-$1 [r=301,nc]
rewriterule ^post/portfolio/x612-codame-featured-musician-mysterious-force/(.*)$ https://codame.com/artists/x612$1 [r=301,nc]
rewriterule ^post/portfolio/james-paterson-aka-presstube-codame-featured/(.*)$ https://codame.com/artists/james-paterson-aka-presstube-$1 [r=301,nc]
rewriterule ^post/portfolio/mary-franck-codame-featured-artist-codame-is/(.*)$ https://codame.com/artists/mary-franck$1 [r=301,nc]
rewriterule ^post/portfolio/mike-bam-tyau-codame-featured-artist-bam-joins/(.*)$ https://codame.com/artists/mike-bam-tyau$1 [r=301,nc]
rewriterule ^post/portfolio/george-michael-brower-codame-featured-artist/(.*)$ https://codame.com/artists/george-michael-brower$1 [r=301,nc]
rewriterule ^post/portfolio/demoscene-passivist-codame-featured-artist-this/(.*)$ https://codame.com/artists/demoscene-passivist$1 [r=301,nc]
rewriterule ^post/portfolio/crashfaster-codame-featured-musician-kingpin/(.*)$ https://codame.com/artists/crashfaster$1 [r=301,nc]
rewriterule ^post/portfolio/cullen-miller-codame-featured-musician-san/(.*)$ https://codame.com/artists/cullen-miller$1 [r=301,nc]
rewriterule ^post/portfolio/sebastien-deux-codame-featured-musician-born/(.*)$ https://codame.com/artists/sebastien-deux$1 [r=301,nc]
rewriterule ^post/portfolio/chris-ritson-codame-featured-artist-codame-is/(.*)$ https://codame.com/artists/chris-ritson$1 [r=301,nc]
rewriterule ^post/portfolio/manics-codame-music-artist-hyped-for-manics-to/(.*)$ https://codame.com/artists/manics$1 [r=301,nc]
rewriterule ^post/portfolio/dj-dials-codame-music-artist-extremely-pleased/(.*)$ https://codame.com/artists/dj-dials$1 [r=301,nc]
rewriterule ^post/portfolio/cyriak-codame-featured-artist-codame-is-going/(.*)$ https://codame.com/artists/cyriak$1 [r=301,nc]
rewriterule ^post/portfolio/codame-featured-artist-david-oreilly-oreillys/(.*)$ https://codame.com/artists/david-o-reilly$1 [r=301,nc]
rewriterule ^post/portfolio/codame-featured-artist-lena-shagieva/(.*)$ https://codame.com/artists/lena-shagieva$1 [r=301,nc]
rewriterule ^post/portfolio/josh-nimoy/(.*)$ https://codame.com/artists/josh-nimoy$1 [r=301,nc]
rewriterule ^post/portfolio/owen-mundy/(.*)$ https://codame.com/artists/owen-mundy$1 [r=301,nc]
rewriterule ^post/portfolio/vj-musashii/(.*)$ https://codame.com/artists/vj-musashii$1 [r=301,nc]
rewriterule ^post/portfolio/eder-cetina/(.*)$ https://codame.com/artists/eder-cetina$1 [r=301,nc]
rewriterule ^post/portfolio/eddie-lee/(.*)$ https://codame.com/artists/eddie-lee$1 [r=301,nc]
rewriterule ^post/portfolio/tiare-ribeaux/(.*)$ https://codame.com/artists/tiare-ribeaux$1 [r=301,nc]
rewriterule ^post/portfolio/codame-featured-artist-ytai-ben-tsvi-ytai/(.*)$ https://codame.com/artists/ytai-ben-tsvi$1 [r=301,nc]
rewriterule ^post/portfolio/inigo-quilez/(.*)$ https://codame.com/artists/inigo-quilez$1 [r=301,nc]
rewriterule ^post/portfolio/harbour/(.*)$ https://codame.com/artists/harbour$1 [r=301,nc]
rewriterule ^post/portfolio/angat/(.*)$ https://codame.com/artists/angat-gaada$1 [r=301,nc]
rewriterule ^post/portfolio/emi/(.*)$ https://codame.com/artists/emi$1 [r=301,nc]
rewriterule ^post/portfolio/robert-allison/(.*)$ https://codame.com/artists/robert-allison$1 [r=301,nc]
rewriterule ^post/portfolio/reza/(.*)$ https://codame.com/artists/reza-ali$1 [r=301,nc]
rewriterule ^post/portfolio/anouk-wipprecht/(.*)$ https://codame.com/artists/anouk-wipprecht$1 [r=301,nc]
rewriterule ^post/portfolio/codame-featured-artist-moldover-hailed-by-over/(.*)$ https://codame.com/artists/moldover$1 [r=301,nc]
rewriterule ^post/portfolio/codame-featured-artist-rich-ddt-rich-ddt-blends/(.*)$ https://codame.com/artists/rich-ddt$1 [r=301,nc]
rewriterule ^post/portfolio/ani/(.*)$ https://codame.com/artists/ani$1 [r=301,nc]
rewriterule ^post/portfolio/starpause/(.*)$ https://codame.com/artists/starpause$1 [r=301,nc]
rewriterule ^post/portfolio/matthew-cella/(.*)$ https://codame.com/artists/matthew-cella$1 [r=301,nc]
rewriterule ^post/portfolio/tim-cowley/(.*)$ https://codame.com/artists/tim-cowley$1 [r=301,nc]
rewriterule ^post/portfolio/brownshoesonly/(.*)$ https://codame.com/artists/nick-ciontea$1 [r=301,nc]
rewriterule ^post/portfolio/joel-cretan/(.*)$ https://codame.com/artists/joel-cretan$1 [r=301,nc]
rewriterule ^post/portfolio/donald-hanson/(.*)$ https://codame.com/artists/donald-hanson$1 [r=301,nc]
rewriterule ^post/portfolio/the-spectrum-electric-codame-featured/(.*)$ https://codame.com/artists/spectrum-electric$1 [r=301,nc]
rewriterule ^post/portfolio/codame-featured-artist-vco-vault-vco-vault-is-a/(.*)$ https://codame.com/artists/vco-vault$1 [r=301,nc]
rewriterule ^post/portfolio/laturbo/(.*)$ https://codame.com/artists/laturbo-avedon$1 [r=301,nc]
rewriterule ^post/portfolio/i-know-where-your-cat-lives/(.*)$ https://codame.com/projects/i-know-where-your-cat-lives$1 [r=301,nc]
rewriterule ^post/portfolio/faraday-cave/(.*)$ https://codame.com/projects/faraday-cave$1 [r=301,nc]
rewriterule ^post/portfolio/surveillance-phone/(.*)$ https://codame.com/projects/surveillance-phone$1 [r=301,nc]
rewriterule ^post/portfolio/surveillance-mode/(.*)$ https://codame.com/projects/surveillance-mode$1 [r=301,nc]
rewriterule ^post/portfolio/dance-draw/(.*)$ https://codame.com/projects/dance-draw$1 [r=301,nc]
rewriterule ^post/portfolio/datafountain/(.*)$ https://codame.com/projects/datageyser$1 [r=301,nc]
rewriterule ^post/portfolio/receipt-bot/(.*)$ https://codame.com/projects/receipt-bots$1 [r=301,nc]
rewriterule ^post/portfolio/pixel/(.*)$ https://codame.com/projects/led-pixel-art$1 [r=301,nc]
rewriterule ^post/portfolio/codame-at-boxworks/(.*)$ https://codame.com/projects/collab-zone$1 [r=301,nc]
rewriterule ^post/portfolio/codame-mascot/(.*)$ https://codame.com/projects/art-tech-mascot$1 [r=301,nc]
rewriterule ^post/portfolio/fluidscapes/(.*)$ https://codame.com/projects/fluidscapes$1 [r=301,nc]
rewriterule ^post/portfolio/cloud/(.*)$ https://codame.com/projects/ardent-mobile-cloud-platform$1 [r=301,nc]
rewriterule ^post/portfolio/leapybird/(.*)$ https://codame.com/projects/leapybird$1 [r=301,nc]
rewriterule ^post/portfolio/fire-me/(.*)$ https://codame.com/projects/fire-me$1 [r=301,nc]
rewriterule ^post/portfolio/technopticon/(.*)$ https://codame.com/projects/techn-o-pticon$1 [r=301,nc]
rewriterule ^post/portfolio/outerbody/(.*)$ https://codame.com/projects/outerbody$1 [r=301,nc]
rewriterule ^post/portfolio/vj-cart/(.*)$ https://codame.com/projects/codame-vj-cart$1 [r=301,nc]
rewriterule ^post/portfolio/ecstatic-ephiphany/(.*)$ https://codame.com/projects/ecstatic-epiphany$1 [r=301,nc]
rewriterule ^post/portfolio/billion-jelly-bloom/(.*)$ https://codame.com/projects/billion-jelly-bloom$1 [r=301,nc]
rewriterule ^post/portfolio/codame-featured-artists-jordan-gray-and-felipe-brahm/(.*)$ https://codame.com/projects/phracktography$1 [r=301,nc]
rewriterule ^post/portfolio/codame-featured-game-canon-brawl-by-turtle/(.*)$ https://codame.com/projects/canon-brawl$1 [r=301,nc]
rewriterule ^post/portfolio/codame-featured-game-undead-overlord-by-jumpcore/(.*)$ https://codame.com/projects/undead-overlord$1 [r=301,nc]
rewriterule ^post/portfolio/codame-featured-game-byterider-with-the-codame/(.*)$ https://codame.com/projects/byterider$1 [r=301,nc]
rewriterule ^post/portfolio/codame-featured-game-lost-toys-join-codame/(.*)$ https://codame.com/projects/lost-toys$1 [r=301,nc]
rewriterule ^post/portfolio/codame-featured-game-super-marshmallow-ninja/(.*)$ https://codame.com/projects/super-marshmallow-ninja$1 [r=301,nc]
rewriterule ^post/portfolio/codame-featured-game-full-bore-join-codame/(.*)$ https://codame.com/projects/full-bore$1 [r=301,nc]
rewriterule ^post/portfolio/codame-featured-game-enhanced-wars-with/(.*)$ https://codame.com/projects/enhanced-wars$1 [r=301,nc]
rewriterule ^post/portfolio/codame-featured-game-retrobooster-join-codame/(.*)$ https://codame.com/projects/retrobooster$1 [r=301,nc]
rewriterule ^post/portfolio/codame-featured-game-rad-raygun-with-the-codame/(.*)$ https://codame.com/projects/rad-raygun$1 [r=301,nc]
rewriterule ^post/portfolio/codame-featured-game-eugene-houdin-join-codame/(.*)$ https://codame.com/projects/eugene-houdin$1 [r=301,nc]
rewriterule ^post/portfolio/naughtbothered-is-a-generative-new-media-piece/(.*)$ https://codame.com/projects/naughtbothered$1 [r=301,nc]
rewriterule ^post/portfolio/meshu-codame-featured-artist-meshu-creates/(.*)$ https://codame.com/projects/meshu$1 [r=301,nc]
rewriterule ^post/portfolio/proteus/(.*)$ https://codame.com/projects/proteus$1 [r=301,nc]
rewriterule ^post/portfolio/1165/(.*)$ https://codame.com/projects/codame-art-tech-festival-2012-papercraft$1 [r=301,nc]
rewriterule ^post/portfolio/metropulusdrone/(.*)$ https://codame.com/projects/metropulus-drone$1 [r=301,nc]
rewriterule ^post/portfolio/collider/(.*)$ https://codame.com/projects/collider$1 [r=301,nc]
rewriterule ^post/portfolio/codame-neon/(.*)$ https://codame.com/projects/codame-neon$1 [r=301,nc]
rewriterule ^post/portfolio/circuit-dancers/(.*)$ https://codame.com/projects/circuit-dancers$1 [r=301,nc]
rewriterule ^post/portfolio/ioio-plot/(.*)$ https://codame.com/projects/ioio-plotter$1 [r=301,nc]
rewriterule ^post/portfolio/gifslap/(.*)$ https://codame.com/projects/gifslap$1 [r=301,nc]
rewriterule ^post/portfolio/modbod3d/(.*)$ https://codame.com/projects/modbod3d$1 [r=301,nc]
rewriterule ^post/portfolio/codame-nightlife-live/(.*)$ https://codame.com/events/codame-nightlife-live-2015$1 [r=301,nc]
rewriterule ^post/portfolio/2013-art-tech-festival/(.*)$ https://codame.com/events/codame-art-tech-festival-2013$1 [r=301,nc]
rewriterule ^post/portfolio/ephemeral-vessels/(.*)$ https://codame.com/events/ephemeral-vessels$1 [r=301,nc]
rewriterule ^post/portfolio/designers-of-things-2014/(.*)$ https://codame.com/events/designers-of-things-2014-conference$1 [r=301,nc]
rewriterule ^post/portfolio/arttech-rendezvous-geekdomsf-sept-19-2014/(.*)$ https://codame.com/events/art-tech-rendezvous-5$1 [r=301,nc]
rewriterule ^post/portfolio/geekdom-demo-day-happy-hour/(.*)$ https://codame.com/events/geekdom-demo-day-happy-hour$1 [r=301,nc]
rewriterule ^post/portfolio/fire-me-at-protohack/(.*)$ https://codame.com/events/fire-me-at-protohack$1 [r=301,nc]
rewriterule ^post/portfolio/arttech-rendezvous-geekdomsf-aug-2014/(.*)$ https://codame.com/events/art-tech-rendezvous-4$1 [r=301,nc]
rewriterule ^post/portfolio/join-codame-ardent-at-the-california-academy-of-sciences/(.*)$ https://codame.com/events/codame-nightlife-live-illuminate$1 [r=301,nc]
rewriterule ^post/portfolio/rackspace-solve/(.*)$ https://codame.com/events/rackspace-solve-after-party$1 [r=301,nc]
rewriterule ^post/portfolio/rendezvous-july-18th/(.*)$ https://codame.com/events/art-tech-rendezvous-3$1 [r=301,nc]
rewriterule ^post/portfolio/led-pixel-art-workshop/(.*)$ https://codame.com/events/led-pixel-art-workshop-with-al-linke$1 [r=301,nc]
rewriterule ^post/portfolio/the-other-sight-an-exploration-on-surveillance/(.*)$ https://codame.com/events/the-other-sight-an-exploration-on-surveillance$1 [r=301,nc]
rewriterule ^post/portfolio/arttech-rendezvous-geekdomsf-june-26th/(.*)$ https://codame.com/events/art-tech-rendezvous-2$1 [r=301,nc]
rewriterule ^post/portfolio/playground/(.*)$ https://codame.com/events/art-tech-playground-may-31-2014$1 [r=301,nc]
rewriterule ^post/portfolio/shadowtravel-us-tour-2014-sf/(.*)$ https://codame.com/events/shadowtravel-us-tour-2014-sf$1 [r=301,nc]
rewriterule ^post/portfolio/bring-your-own-beamer/(.*)$ https://codame.com/events/bring-your-own-beamer$1 [r=301,nc]
rewriterule ^post/portfolio/codedancehack/(.*)$ https://codame.com/events/code-dance-hack-codame$1 [r=301,nc]
rewriterule ^post/portfolio/programmable-leds-fadecandy-presentation-by-ani-amy-lee/(.*)$ https://codame.com/events/programmable-leds-by-ani-amy-lee$1 [r=301,nc]
rewriterule ^post/portfolio/arttech-rendezvous-geekdomsf-may-22/(.*)$ https://codame.com/events/art-tech-rendezvous-1$1 [r=301,nc]
rewriterule ^post/portfolio/codame-featured-artist-reza-ali-at-organic/(.*)$ https://codame.com/events/featured-artist-reza-ali-organic$1 [r=301,nc]
rewriterule ^post/portfolio/adopt-an-artist-showcase-press-release/(.*)$ https://codame.com/events/adopt-an-artist-showcase$1 [r=301,nc]
rewriterule ^post/portfolio/celebrate-demoscene-arttech-with-codame/(.*)$ https://codame.com/events/celebrate-demoscene-art-tech-with-codame$1 [r=301,nc]
rewriterule ^post/portfolio/lebook-connections/(.*)$ https://codame.com/events/codame-artists-at-lebook-connections$1 [r=301,nc]
rewriterule ^post/portfolio/join-codame-to-play-celebrate-and-inspire-the/(.*)$ https://codame.com/events/codame-at-the-ybca-dissident-futures-art-and-ideas-festival$1 [r=301,nc]
rewriterule ^post/portfolio/democratizing-the-arts-has-been-a-long-standing/(.*)$ https://codame.com/events/artstech-meetup-codame-debrief$1 [r=301,nc]
rewriterule ^post/portfolio/codame-at-rackspace-geekdom-sfs-grand-opening/(.*)$ https://codame.com/events/grand-opening-night-at-rackspace-geekdom$1 [r=301,nc]
rewriterule ^post/portfolio/5enses/(.*)$ https://codame.com/events/codame-2013-art-tech-festival$1 [r=301,nc]
rewriterule ^post/portfolio/finals/(.*)$ https://codame.com/events/codame-games-geekdom-sf$1 [r=301,nc]
rewriterule ^post/portfolio/celebrate-data-visualization-art-tech-with-codame/(.*)$ https://codame.com/events/dataviz-geekdom-sf-with-chartio$1 [r=301,nc]
rewriterule ^post/portfolio/codame-games/(.*)$ https://codame.com/events/codame-games$1 [r=301,nc]
rewriterule ^post/portfolio/codame-on-the-playa-burning-man-2013/(.*)$ https://codame.com/events/codame-on-the-playa-$1 [r=301,nc]
rewriterule ^post/portfolio/join-codame-art-tech-in-honoring-the-art-by-code/(.*)$ https://codame.com/events/art-by-code-reception-2013$1 [r=301,nc]
rewriterule ^post/portfolio/anouk-masterclass/(.*)$ https://codame.com/events/masterclass-with-fashiontech-specialist-anouk-wipprecht$1 [r=301,nc]
rewriterule ^post/portfolio/experience-24hrs-of-codame-def-con-we-are-super/(.*)$ https://codame.com/events/24hrs-of-codame-10008-def-con$1 [r=301,nc]
rewriterule ^post/portfolio/fashion/(.*)$ https://codame.com/events/codame-fashion-tech$1 [r=301,nc]
rewriterule ^post/portfolio/roll-up-gallery-and-codame-art-tech-will-present/(.*)$ https://codame.com/events/art-by-code-opening-2013$1 [r=301,nc]
rewriterule ^post/portfolio/subzero2013/(.*)$ https://codame.com/events/codame-play-subzero$1 [r=301,nc]
rewriterule ^post/portfolio/3dprinting/(.*)$ https://codame.com/events/exploring-the-dimensions-of-3d-printing$1 [r=301,nc]
rewriterule ^post/portfolio/codame-the-future-imagined/(.*)$ https://codame.com/events/codame-the-future-imagined$1 [r=301,nc]
rewriterule ^post/portfolio/codame-is-back-dec-14th/(.*)$ https://codame.com/events/codame-festival-2012-artist-talks$1 [r=301,nc]
rewriterule ^post/portfolio/gamesatcodame-adobe-creative-suite-6-launch/(.*)$ https://codame.com/events/adobe-cs6-launch-party-$1 [r=301,nc]
rewriterule ^post/portfolio/gamesatcodame-the-nostalgic-journey-for-8-bit/(.*)$ https://codame.com/events/8bit-romantix$1 [r=301,nc]
rewriterule ^post/portfolio/in-secure/(.*)$ https://codame.com/events/in-secure-art-tech$1 [r=301,nc]
rewriterule ^post/portfolio/virtual-reality-at-mozilla/(.*)$ https://codame.com/events/art-tech-virtual-reality-$1 [r=301,nc]
rewriterule ^post/portfolio/arttech-virtual-reality-mozilla-video-captured/(.*)$ https://codame.com/events/art-tech-virtual-reality-mozilla-video-streaming$1 [r=301,nc]
rewriterule ^post/portfolio/codeconf/(.*)$ https://codame.com/events/codame-codeconf-in-nashville$1 [r=301,nc]
rewriterule ^post/portfolio/art-by-code-final-reception/(.*)$ https://codame.com/events/art-by-code-final-reception-$1 [r=301,nc]
rewriterule ^post/portfolio/body-scan-asset-jam/(.*)$ https://codame.com/events/body-scan-asset-jam$1 [r=301,nc]
rewriterule ^post/portfolio/360intersect/(.*)$ https://codame.com/events/celebrate-and-play-with-codame-360-intersect$1 [r=301,nc]
rewriterule ^post/portfolio/lovetech-reactivate/(.*)$ https://codame.com/events/lovetech-reactivate$1 [r=301,nc]
rewriterule ^post/portfolio/art-by-code/(.*)$ https://codame.com/events/art-by-code-gallery-opening-$1 [r=301,nc]
rewriterule ^post/portfolio/adopt-arttech/(.*)$ https://codame.com/events/adopt-art-tech-with-anouk-reza$1 [r=301,nc]
rewriterule ^team/(.*)$ https://codame.com/pages/team$1 [r=301,nc]
rewriterule ^post/portfolio/leapybird-adopted-by-shopify/(.*)$ https://codame.com/pages/leapybird-adopted-by-shopify$1 [r=301,nc]
rewriterule ^post/portfolio/arttech-rendezvous-recode/(.*)$ https://codame.com/pages/re-code-art-tech-rendezvous$1 [r=301,nc]
rewriterule ^post/portfolio/arttech-playground-photos/(.*)$ https://codame.com/pages/art-tech-playground-photos$1 [r=301,nc]
rewriterule ^post/portfolio/qa-with-reza-ali-codame-featured-artist/(.*)$ https://codame.com/pages/q-a-with-reza-ali-codame-featured-artist$1 [r=301,nc]
rewriterule ^post/portfolio/qa-with-codame-featured-artist-micah-elizabeth-scott/(.*)$ https://codame.com/pages/q-a-with-micah-elizabeth-scott-codame-featured-artist$1 [r=301,nc]
rewriterule ^post/portfolio/geekdom-artist-in-residence-ani/(.*)$ https://codame.com/pages/q-a-with-ani-artist-in-residence-geekdomsf$1 [r=301,nc]
rewriterule ^post/portfolio/intersection-for-the-arts/(.*)$ https://codame.com/pages/intersection-for-the-arts$1 [r=301,nc]
rewriterule ^post/portfolio/call-for-entries-codame-arttech-film-fest/(.*)$ https://codame.com/pages/call-for-entries-codame-art-tech-film-fest$1 [r=301,nc]
rewriterule ^post/portfolio/a-codame-arttech-2013-retrospective/(.*)$ https://codame.com/pages/2013-retrospective$1 [r=301,nc]
rewriterule ^post/portfolio/2013-art-tech-festival/(.*)$ https://codame.com/pages/codame-art-tech-festival-2013-$1 [r=301,nc]
rewriterule ^post/portfolio/video-loopsken-murphytimeflydavid-oreilly-andrew-bensonlaturbo-(.*)$ https://codame.com/pages/video-loops-from-codame-featured-artists$1 [r=301,nc]
rewriterule ^post/portfolio/art-tech-program-2013/(.*)$ https://codame.com/pages/codame-art-tech-program-2013$1 [r=301,nc]
rewriterule ^post/portfolio/codame-arttech-awards-2012/(.*)$ https://codame.com/pages/codame-art-tech-awards-2012$1 [r=301,nc]
rewriterule ^post/portfolio/2010/(.*)$ https://codame.com/pages/codame-2010-impressions$1 [r=301,nc]
rewriterule ^post/portfolio/2011/(.*)$ https://codame.com/pages/codame-2011-impressions$1 [r=301,nc]
rewriterule ^mediakit/(.*)$ https://codame.com/pages/media-kit$1 [r=301,nc]
rewriterule ^sponsors/(.*)$ https://codame.com/pages/sponsors$1 [r=301,nc]
rewriterule ^support/(.*)$ https://codame.com/pages/support$1 [r=301,nc]
rewriterule ^adopt/(.*)$ https://codame.com/pages/adopt-art-tech$1 [r=301,nc]
